id,label,modularity_class,eccentricity,closness_centrality,harmonic_closness_centrality,betweeness_centrality,eigen_centrality,pageranks,clustering_coefficient,triangles
n0,machine learning,1,3,0.530487805,0.618135377,0.209847892,1,0.011069721,0.130372853,1556
n1,regression,1,4,0.447300771,0.509099617,0.029168176,0.48378853,0.005252362,0.276056338,686
n2,neural,1,4,0.396355353,0.431034483,0,0.185679671,0.001574806,1,171
n3,linear,1,4,0.396355353,0.431034483,0,0.185679671,0.001574806,1,171
n4,module,6,3,0.506796117,0.58045977,0.156934469,0.905540987,0.008261278,0.170203675,1195
n5,logistic,1,4,0.396355353,0.431034483,0,0.185679671,0.001574806,1,171
n6,discuss,1,4,0.396355353,0.431034483,0,0.185679671,0.001574806,1,171
n7,algorithm,1,3,0.424390244,0.463601533,0.004664393,0.294801134,0.002749171,0.546031746,344
n8,multiple,1,4,0.396355353,0.431034483,0,0.185679671,0.001574806,1,171
n9,recommender,1,4,0.406858924,0.452745849,0.004022982,0.271971183,0.002801034,0.544444444,343
n10,networks,1,4,0.396355353,0.431034483,0,0.185679671,0.001574806,1,171
n11,algebra,1,4,0.396355353,0.431034483,0,0.185679671,0.001574806,1,171
n12,implementing,1,4,0.396355353,0.431034483,0,0.185679671,0.001574806,1,171
n13,octave,1,4,0.396355353,0.431034483,0,0.185679671,0.001574806,1,171
n14,unsupervised,1,4,0.396355353,0.431034483,0,0.185679671,0.001574806,1,171
n15,practice,1,4,0.396355353,0.431034483,0,0.185679671,0.001574806,1,171
n16,machines,7,4,0.408131353,0.455300128,0.048412847,0.238337215,0.003090614,0.486486486,342
n17,practices,1,4,0.396355353,0.431034483,0,0.185679671,0.001574806,1,171
n18,introduce,1,4,0.425774878,0.467911877,0.007149481,0.286727106,0.002770636,0.542857143,342
n19,learning,1,3,0.424390244,0.463601533,0.004664393,0.294801134,0.002749171,0.546031746,344
n20,documents,1,4,0.367088608,0.399265645,0,0.140595331,0.001625711,1,171
n21,deep,1,4,0.367088608,0.399265645,0,0.140595331,0.001625711,1,171
n22,intelligent,1,4,0.367088608,0.399265645,0,0.140595331,0.001625711,1,171
n23,house,1,4,0.367088608,0.399265645,0,0.140595331,0.001625711,1,171
n24,ipython,1,4,0.367088608,0.399265645,0,0.140595331,0.001625711,1,171
n25,notebook,1,4,0.367088608,0.399265645,0,0.140595331,0.001625711,1,171
n26,prices,1,4,0.367088608,0.399265645,0,0.140595331,0.001625711,1,171
n27,classification,1,3,0.399693721,0.439974457,0.003822264,0.259673865,0.002865421,0.51951952,346
n28,case,1,4,0.367088608,0.399265645,0,0.140595331,0.001625711,1,171
n29,image,1,4,0.367088608,0.399265645,0,0.140595331,0.001625711,1,171
n30,features,1,4,0.425081433,0.468550447,0.021518735,0.288933191,0.002900728,0.486486486,342
n31,retrieval,1,4,0.367088608,0.399265645,0,0.140595331,0.001625711,1,171
n32,build,1,4,0.367088608,0.399265645,0,0.140595331,0.001625711,1,171
n33,classifier,1,4,0.367088608,0.399265645,0,0.140595331,0.001625711,1,171
n34,document,1,4,0.367088608,0.399265645,0,0.140595331,0.001625711,1,171
n35,images,1,4,0.367088608,0.399265645,0,0.140595331,0.001625711,1,171
n36,similarity,1,4,0.367088608,0.399265645,0,0.140595331,0.001625711,1,171
n37,clustering,1,4,0.381021898,0.412675607,0,0.158023657,0.001575655,1,171
n38,association,1,4,0.381021898,0.412675607,0,0.158023657,0.001575655,1,171
n39,observations,1,4,0.381021898,0.412675607,0,0.158023657,0.001575655,1,171
n40,group,1,4,0.381021898,0.412675607,0,0.158023657,0.001575655,1,171
n41,rule,1,4,0.381021898,0.412675607,0,0.158023657,0.001575655,1,171
n42,technique,1,4,0.381021898,0.412675607,0,0.158023657,0.001575655,1,171
n43,large,1,4,0.381021898,0.412675607,0,0.158023657,0.001575655,1,171
n44,mining,1,3,0.413957177,0.454980843,0.020435018,0.25756048,0.002901129,0.487908962,343
n45,predict,1,4,0.381021898,0.412675607,0,0.158023657,0.001575655,1,171
n46,training,1,4,0.381021898,0.412675607,0,0.158023657,0.001575655,1,171
n47,techniques,1,4,0.381021898,0.412675607,0,0.158023657,0.001575655,1,171
n48,predictive,1,3,0.423014587,0.473818646,0.009788594,0.392135881,0.003946025,0.359189378,514
n49,set,1,4,0.381021898,0.412675607,0,0.158023657,0.001575655,1,171
n50,tools,2,3,0.466905188,0.512132822,0.038303584,0.507434515,0.003944577,0.342207792,527
n51,advance,1,4,0.381021898,0.412675607,0,0.158023657,0.001575655,1,171
n52,associaton,1,4,0.381021898,0.412675607,0,0.158023657,0.001575655,1,171
n53,theory,0,4,0.383823529,0.427841635,0.004525988,0.223690158,0.002974958,0.513513514,342
n54,analyst,0,4,0.351042367,0.385855683,0,0.105124191,0.001741405,1,171
n55,balances,0,4,0.351042367,0.385855683,0,0.105124191,0.001741405,1,171
n56,closer,0,4,0.351042367,0.385855683,0,0.105124191,0.001741405,1,171
n57,commercial,0,4,0.351042367,0.385855683,0,0.105124191,0.001741405,1,171
n58,desired,0,4,0.351042367,0.385855683,0,0.105124191,0.001741405,1,171
n59,extracted,0,4,0.351042367,0.385855683,0,0.105124191,0.001741405,1,171
n60,fashion,0,4,0.351042367,0.385855683,0,0.105124191,0.001741405,1,171
n61,fields,0,4,0.351042367,0.385855683,0,0.105124191,0.001741405,1,171
n62,financial,0,4,0.351042367,0.385855683,0,0.105124191,0.001741405,1,171
n63,follow,0,4,0.351042367,0.385855683,0,0.105124191,0.001741405,1,171
n64,gaining,0,4,0.351042367,0.385855683,0,0.105124191,0.001741405,1,171
n65,hottest,0,4,0.351042367,0.385855683,0,0.105124191,0.001741405,1,171
n66,increase,0,4,0.351042367,0.385855683,0,0.105124191,0.001741405,1,171
n67,jobs,0,4,0.351042367,0.385855683,0,0.105124191,0.001741405,1,171
n68,quantitative,0,4,0.351042367,0.385855683,0,0.105124191,0.001741405,1,171
n69,scientist,0,4,0.351042367,0.385855683,0,0.105124191,0.001741405,1,171
n70,story,0,4,0.351042367,0.385855683,0,0.105124191,0.001741405,1,171
n71,aspects,0,4,0.351042367,0.385855683,0,0.105124191,0.001741405,1,171
n72,ads,3,4,0.383259912,0.416666667,0,0.171821174,0.001536562,1,171
n73,placing,3,4,0.383259912,0.416666667,0,0.171821174,0.001536562,1,171
n74,scoring,3,4,0.383259912,0.416666667,0,0.171821174,0.001536562,1,171
n75,trading,3,4,0.383259912,0.416666667,0,0.171821174,0.001536562,1,171
n76,analytics,2,4,0.435,0.477490421,0.007023785,0.388382321,0.002738935,0.497866287,350
n77,searching,3,4,0.383259912,0.416666667,0,0.171821174,0.001536562,1,171
n78,stock,3,4,0.383259912,0.416666667,0,0.171821174,0.001536562,1,171
n79,xseries,3,3,0.444255319,0.481162197,0.008654593,0.288724073,0.002680409,0.541269841,341
n80,derive,3,4,0.405279503,0.44811622,0.003301575,0.276977025,0.002707683,0.541269841,341
n81,role,6,4,0.415605096,0.462643678,0.012514095,0.30314623,0.002833226,0.489331437,344
n82,algorithms,3,4,0.383259912,0.416666667,0,0.171821174,0.001536562,1,171
n83,growing,3,3,0.444255319,0.481162197,0.008654593,0.288724073,0.002680409,0.541269841,341
n84,play,3,4,0.383259912,0.416666667,0,0.171821174,0.001536562,1,171
n85,principles,1,4,0.3933685,0.439335888,0.003207699,0.288730708,0.00279695,0.515015015,343
n86,credit,3,4,0.383259912,0.416666667,0,0.171821174,0.001536562,1,171
n87,field,3,4,0.383259912,0.416666667,0,0.171821174,0.001536562,1,171
n88,science,3,3,0.464412811,0.509578544,0.025378549,0.441176117,0.003918021,0.350841751,521
n89,essential,3,4,0.383259912,0.416666667,0,0.171821174,0.001536562,1,171
n90,clear,1,4,0.378809869,0.410600255,0,0.156645418,0.001569626,1,171
n91,explanations,1,4,0.378809869,0.410600255,0,0.156645418,0.001569626,1,171
n92,forecast,1,4,0.378809869,0.410600255,0,0.156645418,0.001569626,1,171
n93,scenarios,1,4,0.378809869,0.410600255,0,0.156645418,0.001569626,1,171
n94,validating,1,4,0.378809869,0.410600255,0,0.156645418,0.001569626,1,171
n95,models,1,4,0.437552389,0.479725415,0.025942955,0.320320901,0.00279618,0.489331437,344
n96,combined,1,4,0.378809869,0.410600255,0,0.156645418,0.001569626,1,171
n97,deploying,1,4,0.378809869,0.410600255,0,0.156645418,0.001569626,1,171
n98,azure,2,3,0.429276316,0.475095785,0.011854282,0.38056279,0.003361522,0.444958372,481
n99,outcomes,1,4,0.378809869,0.410600255,0,0.156645418,0.001569626,1,171
n100,behaviors,1,4,0.378809869,0.410600255,0,0.156645418,0.001569626,1,171
n101,building,1,3,0.414614774,0.454980843,0.005941779,0.27306074,0.002828963,0.513513514,342
n102,existing,1,4,0.378809869,0.410600255,0,0.156645418,0.001569626,1,171
n103,insights,1,4,0.378809869,0.410600255,0,0.156645418,0.001569626,1,171
n104,computers,1,4,0.378809869,0.410600255,0,0.156645418,0.001569626,1,171
n105,trends,4,4,0.399387911,0.445402299,0.032234097,0.224822889,0.003006208,0.486486486,342
n106,pipelines,1,4,0.363763066,0.399744572,0,0.156561292,0.001596254,1,171
n107,statistics,1,4,0.363763066,0.399744572,0,0.156561292,0.001596254,1,171
n108,spark,2,3,0.459507042,0.514048531,0.028954781,0.600059903,0.004722169,0.308604039,703
n109,component,1,4,0.363763066,0.399744572,0,0.156561292,0.001596254,1,171
n110,processing,2,4,0.385239852,0.432790549,0.003102949,0.305769054,0.002811244,0.517780939,364
n111,statistical,1,4,0.363763066,0.399744572,0,0.156561292,0.001596254,1,171
n112,scale,1,4,0.363763066,0.399744572,0,0.156561292,0.001596254,1,171
n113,tasks,1,4,0.363763066,0.399744572,0,0.156561292,0.001596254,1,171
n114,age,1,4,0.363763066,0.399744572,0,0.156561292,0.001596254,1,171
n115,bleeding,1,4,0.363763066,0.399744572,0,0.156561292,0.001596254,1,171
n116,complexity,1,4,0.363763066,0.399744572,0,0.156561292,0.001596254,1,171
n117,exploratory,1,4,0.363763066,0.399744572,0,0.156561292,0.001596254,1,171
n118,highlighting,1,4,0.363763066,0.399744572,0,0.156561292,0.001596254,1,171
n119,optimization,1,4,0.363763066,0.399744572,0,0.156561292,0.001596254,1,171
n120,packages,1,4,0.363763066,0.399744572,0,0.156561292,0.001596254,1,171
n121,probability,1,4,0.363763066,0.399744572,0,0.156561292,0.001596254,1,171
n122,relying,1,4,0.363763066,0.399744572,0,0.156561292,0.001596254,1,171
n123,subscription,2,4,0.406225681,0.444604087,0.001137535,0.266234455,0.002128381,0.763546798,310
n124,trial,2,4,0.406225681,0.444604087,0.001137535,0.266234455,0.002128381,0.763546798,310
n125,note,2,4,0.406225681,0.444604087,0.001137535,0.266234455,0.002128381,0.763546798,310
n126,cleanse,2,4,0.388971684,0.422573436,0,0.191842177,0.001477145,1,171
n127,ready,2,4,0.388971684,0.422573436,0,0.191842177,0.001477145,1,171
n128,free,2,4,0.406225681,0.444604087,0.001137535,0.266234455,0.002128381,0.763546798,310
n129,solutions,2,4,0.388971684,0.422573436,0,0.191842177,0.001477145,1,171
n130,certificate,2,4,0.406225681,0.444604087,0.001137535,0.266234455,0.002128381,0.763546798,310
n131,charged,2,4,0.406225681,0.444604087,0.001137535,0.266234455,0.002128381,0.763546798,310
n132,hdinsight,2,4,0.406225681,0.444604087,0.001137535,0.266234455,0.002128381,0.763546798,310
n133,language,2,4,0.415274463,0.459291188,0.020284664,0.290567789,0.00280262,0.490753912,345
n134,library,2,4,0.428219852,0.47142401,0.013801206,0.354804965,0.002718989,0.493598862,347
n135,microsoft,2,4,0.406225681,0.444604087,0.001137535,0.266234455,0.002128381,0.763546798,310
n136,mllib,2,4,0.388971684,0.422573436,0,0.191842177,0.001477145,1,171
n137,regions,2,4,0.406225681,0.444604087,0.001137535,0.266234455,0.002128381,0.763546798,310
n138,scala,2,4,0.388971684,0.422573436,0,0.191842177,0.001477145,1,171
n139,card,2,4,0.427868852,0.471104725,0.018282354,0.330568173,0.002741762,0.490753912,345
n140,prediction,1,4,0.390426328,0.421615581,0,0.155756471,0.00159524,1,171
n141,week,4,4,0.424045491,0.479086845,0.08298763,0.290096266,0.004395808,0.333116883,513
n142,caret,1,4,0.390426328,0.421615581,0,0.155756471,0.00159524,1,171
n143,cross,1,4,0.390426328,0.421615581,0,0.155756471,0.00159524,1,171
n144,errors,1,4,0.390426328,0.421615581,0,0.155756471,0.00159524,1,171
n145,forests,1,4,0.390426328,0.421615581,0,0.155756471,0.00159524,1,171
n146,predictors,1,4,0.390426328,0.421615581,0,0.155756471,0.00159524,1,171
n147,random,1,4,0.390426328,0.421615581,0,0.155756471,0.00159524,1,171
n148,regularized,1,4,0.390426328,0.421615581,0,0.155756471,0.00159524,1,171
n149,validation,1,4,0.390426328,0.421615581,0,0.155756471,0.00159524,1,171
n150,cover,6,3,0.451948052,0.488825032,0.026432864,0.299155514,0.00289715,0.490753912,345
n151,combining,1,4,0.390426328,0.421615581,0,0.155756471,0.00159524,1,171
n152,package,1,4,0.390426328,0.421615581,0,0.155756471,0.00159524,1,171
n153,trees,1,4,0.390426328,0.421615581,0,0.155756471,0.00159524,1,171
n154,functions,9,3,0.428923583,0.469029374,0.024460799,0.239761201,0.002974706,0.486486486,342
n155,analysts,1,4,0.390426328,0.421615581,0,0.155756471,0.00159524,1,171
n156,fall,3,4,0.351042367,0.381704981,0,0.107541078,0.0016,1,171
n157,reduce,2,4,0.421988682,0.464559387,0.025016835,0.305928662,0.002744679,0.515015015,343
n158,map,2,4,0.421988682,0.464559387,0.025016835,0.305928662,0.002744679,0.515015015,343
n159,databases,3,4,0.351042367,0.381704981,0,0.107541078,0.0016,1,171
n160,delhi,3,4,0.351042367,0.381704981,0,0.107541078,0.0016,1,171
n161,artificial intelligence,5,4,0.377713459,0.433748404,0.084495885,0.221554364,0.004518406,0.333116883,513
n162,web,3,4,0.351042367,0.381704981,0,0.107541078,0.0016,1,171
n163,parallel,3,4,0.351042367,0.381704981,0,0.107541078,0.0016,1,171
n164,sentiment,3,3,0.4176,0.458492976,0.030916712,0.24780496,0.002868705,0.486486486,342
n165,platforms,3,4,0.351042367,0.381704981,0,0.107541078,0.0016,1,171
n166,search,4,4,0.372591006,0.41554917,0.014214007,0.17352407,0.002962909,0.513513514,342
n167,apparent,3,4,0.351042367,0.381704981,0,0.107541078,0.0016,1,171
n168,bayesian,3,4,0.351042367,0.381704981,0,0.107541078,0.0016,1,171
n169,book,3,4,0.351042367,0.381704981,0,0.107541078,0.0016,1,171
n170,dealing,3,4,0.351042367,0.381704981,0,0.107541078,0.0016,1,171
n171,diagnostics,3,4,0.351042367,0.381704981,0,0.107541078,0.0016,1,171
n172,edition,3,4,0.351042367,0.381704981,0,0.107541078,0.0016,1,171
n173,elucidate,3,4,0.351042367,0.381704981,0,0.107541078,0.0016,1,171
n174,planning,4,5,0.334615385,0.385791826,0.009852342,0.144023318,0.003078735,0.513513514,342
n175,http,4,5,0.313137373,0.348435504,0,0.08008195,0.001706528,1,171
n176,march,4,5,0.313137373,0.348435504,0,0.08008195,0.001706528,1,171
n177,videos,4,5,0.313137373,0.348435504,0,0.08008195,0.001706528,1,171
n178,plan,4,5,0.313137373,0.348435504,0,0.08008195,0.001706528,1,171
n179,actions,4,5,0.313137373,0.348435504,0,0.08008195,0.001706528,1,171
n180,materials,4,5,0.313137373,0.348435504,0,0.08008195,0.001706528,1,171
n181,space,4,5,0.313137373,0.348435504,0,0.08008195,0.001706528,1,171
n182,accomplishment,4,5,0.313137373,0.348435504,0,0.08008195,0.001706528,1,171
n183,aiai,4,5,0.313137373,0.348435504,0,0.08008195,0.001706528,1,171
n184,aiplanmooc,4,5,0.313137373,0.348435504,0,0.08008195,0.001706528,1,171
n185,break,4,5,0.313137373,0.348435504,0,0.08008195,0.001706528,1,171
n186,deliberate,4,5,0.313137373,0.348435504,0,0.08008195,0.001706528,1,171
n187,exam,4,5,0.313137373,0.348435504,0,0.08008195,0.001706528,1,171
n188,graphplan,4,5,0.313137373,0.348435504,0,0.08008195,0.001706528,1,171
n189,heuristics,4,5,0.313137373,0.348435504,0,0.08008195,0.001706528,1,171
n190,htn,4,5,0.313137373,0.348435504,0,0.08008195,0.001706528,1,171
n191,agents,5,5,0.276923077,0.308876117,0,0.055934335,0.001829541,1,171
n192,driving,5,5,0.276923077,0.308876117,0,0.055934335,0.001829541,1,171
n193,adversarial,5,5,0.276923077,0.308876117,0,0.055934335,0.001829541,1,171
n194,affects,5,5,0.276923077,0.308876117,0,0.055934335,0.001829541,1,171
n195,arbitrary,5,5,0.276923077,0.308876117,0,0.055934335,0.001829541,1,171
n196,autonomous,5,5,0.276923077,0.308876117,0,0.055934335,0.001829541,1,171
n197,cameras,5,5,0.276923077,0.308876117,0,0.055934335,0.001829541,1,171
n198,computation,5,5,0.276923077,0.308876117,0,0.055934335,0.001829541,1,171
n199,csx,5,5,0.276923077,0.308876117,0,0.055934335,0.001829541,1,171
n200,directions,5,5,0.276923077,0.308876117,0,0.055934335,0.001829541,1,171
n201,english,5,5,0.276923077,0.308876117,0,0.055934335,0.001829541,1,171
n202,fiction,5,5,0.276923077,0.308876117,0,0.055934335,0.001829541,1,171
n203,filter,5,5,0.276923077,0.308876117,0,0.055934335,0.001829541,1,171
n204,foreign,5,5,0.276923077,0.308876117,0,0.055934335,0.001829541,1,171
n205,handwritten,5,5,0.276923077,0.308876117,0,0.055934335,0.001829541,1,171
n206,headed,5,5,0.276923077,0.308876117,0,0.055934335,0.001829541,1,171
n207,household,5,5,0.276923077,0.308876117,0,0.055934335,0.001829541,1,171
n208,inferences,5,5,0.276923077,0.308876117,0,0.055934335,0.001829541,1,171
n209,join,5,5,0.276923077,0.308876117,0,0.055934335,0.001829541,1,171
n210,3d print,6,4,0.35925671,0.404533844,8.35E-04,0.208648001,0.002561674,0.628787879,332
n211,revolutionize,6,4,0.340508806,0.372765006,0,0.129345955,0.001590748,1,171
n212,illinois,6,4,0.35925671,0.404533844,8.35E-04,0.208648001,0.002561674,0.628787879,332
n213,mba,6,4,0.35925671,0.404533844,8.35E-04,0.208648001,0.002561674,0.628787879,332
n214,revolutionary,6,4,0.340508806,0.372765006,0,0.129345955,0.001590748,1,171
n215,courses,6,4,0.340508806,0.372765006,0,0.129345955,0.001590748,1,171
n216,orientation,6,4,0.35925671,0.404533844,8.35E-04,0.208648001,0.002561674,0.628787879,332
n217,specialization,2,4,0.419277108,0.469667944,0.013622626,0.40762162,0.003516779,0.418367347,492
n218,learners,6,4,0.340508806,0.372765006,0,0.129345955,0.001590748,1,171
n219,objects,6,4,0.35925671,0.404533844,8.35E-04,0.208648001,0.002561674,0.628787879,332
n220,technology,6,4,0.340508806,0.372765006,0,0.129345955,0.001590748,1,171
n221,appreciation,6,4,0.340508806,0.372765006,0,0.129345955,0.001590748,1,171
n222,customize,6,4,0.340508806,0.372765006,0,0.129345955,0.001590748,1,171
n223,economy,6,4,0.340508806,0.372765006,0,0.129345955,0.001590748,1,171
n224,engaging,6,4,0.340508806,0.372765006,0,0.129345955,0.001590748,1,171
n225,informative,6,4,0.340508806,0.372765006,0,0.129345955,0.001590748,1,171
n226,interviews,6,4,0.340508806,0.372765006,0,0.129345955,0.001590748,1,171
n227,preview,6,4,0.340508806,0.372765006,0,0.129345955,0.001590748,1,171
n228,solid,6,4,0.340508806,0.372765006,0,0.129345955,0.001590748,1,171
n229,countries,6,4,0.355828221,0.391123883,0,0.14047396,0.00157119,1,171
n230,customization,6,4,0.355828221,0.391123883,0,0.14047396,0.00157119,1,171
n231,individuals,6,4,0.355828221,0.391123883,0,0.14047396,0.00157119,1,171
n232,ideas,6,4,0.355828221,0.391123883,0,0.14047396,0.00157119,1,171
n233,manufacturing,6,4,0.355828221,0.391123883,0,0.14047396,0.00157119,1,171
n234,developing,6,4,0.355828221,0.391123883,0,0.14047396,0.00157119,1,171
n235,demand,6,4,0.355828221,0.391123883,0,0.14047396,0.00157119,1,171
n236,education,6,4,0.396958175,0.443326948,0.014413515,0.232547663,0.002989259,0.487908962,343
n237,addition,6,4,0.355828221,0.391123883,0,0.14047396,0.00157119,1,171
n238,capabilities,6,4,0.355828221,0.391123883,0,0.14047396,0.00157119,1,171
n239,development,6,4,0.409090909,0.465996169,0.012370253,0.36512921,0.003953014,0.35988819,515
n240,finally,6,4,0.355828221,0.391123883,0,0.14047396,0.00157119,1,171
n241,overview,6,4,0.355828221,0.391123883,0,0.14047396,0.00157119,1,171
n242,iot,10,4,0.38752784,0.455779055,0.011469839,0.447480789,0.004628183,0.325,676
n243,devices,10,3,0.423701299,0.472541507,0.016132015,0.384963575,0.00365744,0.397647059,507
n244,embedded,10,4,0.331428571,0.365421456,0,0.160254003,0.001517502,1,171
n245,internet of things,10,3,0.442372881,0.512132822,0.053850605,0.582975375,0.006141261,0.233360064,873
n246,hardware,10,4,0.331428571,0.365421456,0,0.160254003,0.001517502,1,171
n247,interface,10,4,0.375,0.420977011,0.002010061,0.266715254,0.002450753,0.632575758,334
n248,society,10,4,0.331428571,0.365421456,0,0.160254003,0.001517502,1,171
n249,device,10,4,0.382978723,0.440453384,0.005184326,0.363248096,0.003529387,0.429421769,505
n250,networking,10,4,0.382978723,0.440453384,0.006632235,0.350947946,0.003550382,0.426870748,502
n251,system,10,4,0.389552239,0.440293742,0.010716065,0.314487867,0.002682004,0.518018018,345
n252,world,10,4,0.331428571,0.365421456,0,0.160254003,0.001517502,1,171
n253,internet,10,4,0.382978723,0.440453384,0.006632235,0.350947946,0.003550382,0.426870748,502
n254,term,10,4,0.331428571,0.365421456,0,0.160254003,0.001517502,1,171
n255,components,10,4,0.331428571,0.365421456,0,0.160254003,0.001517502,1,171
n256,software,10,4,0.389552239,0.440293742,0.010716065,0.314487867,0.002682004,0.518018018,345
n257,interactions,10,4,0.331428571,0.365421456,0,0.160254003,0.001517502,1,171
n258,larger,10,4,0.331428571,0.365421456,0,0.160254003,0.001517502,1,171
n259,microcontroller,10,4,0.331428571,0.365421456,0,0.160254003,0.001517502,1,171
n260,servers,10,4,0.331428571,0.365421456,0,0.160254003,0.001517502,1,171
n261,small,10,4,0.331428571,0.365421456,0,0.160254003,0.001517502,1,171
n262,augmented reality,10,4,0.323219814,0.358876117,0,0.137916089,0.001558811,1,171
n263,layer,10,4,0.323219814,0.358876117,0,0.137916089,0.001558811,1,171
n264,presented,10,4,0.323219814,0.358876117,0,0.137916089,0.001558811,1,171
n265,technologies,10,4,0.323219814,0.358876117,0,0.137916089,0.001558811,1,171
n266,feature,10,4,0.323219814,0.358876117,0,0.137916089,0.001558811,1,171
n267,explained,10,4,0.323219814,0.358876117,0,0.137916089,0.001558811,1,171
n268,wireless,10,4,0.323219814,0.358876117,0,0.137916089,0.001558811,1,171
n269,extraction,10,4,0.323219814,0.358876117,0,0.137916089,0.001558811,1,171
n270,sensor,10,4,0.323219814,0.358876117,0,0.137916089,0.001558811,1,171
n271,emerging,10,4,0.323219814,0.358876117,0,0.137916089,0.001558811,1,171
n272,remote,10,4,0.323219814,0.358876117,0,0.137916089,0.001558811,1,171
n273,sensing,10,4,0.323219814,0.358876117,0,0.137916089,0.001558811,1,171
n274,details,10,4,0.323219814,0.358876117,0,0.137916089,0.001558811,1,171
n275,lectures,10,4,0.394557823,0.43949553,0.006273123,0.269847067,0.002705136,0.546031746,344
n276,services,10,4,0.394557823,0.43949553,0.006273123,0.269847067,0.002705136,0.546031746,344
n277,service,10,4,0.394557823,0.43949553,0.006273123,0.269847067,0.002705136,0.546031746,344
n278,raspberry,10,4,0.370475515,0.420498084,0.001473776,0.288069473,0.002658163,0.553968254,349
n279,api,10,4,0.362751911,0.400063857,0,0.173367246,0.001516369,1,171
n280,signals,10,4,0.362751911,0.400063857,0,0.173367246,0.001516369,1,171
n281,socket,10,4,0.362751911,0.400063857,0,0.173367246,0.001516369,1,171
n282,protocols,10,4,0.362751911,0.400063857,0,0.173367246,0.001516369,1,171
n283,present,10,4,0.362751911,0.400063857,0,0.173367246,0.001516369,1,171
n284,camera,10,4,0.362751911,0.400063857,0,0.173367246,0.001516369,1,171
n285,pulse,10,4,0.362751911,0.400063857,0,0.173367246,0.001516369,1,171
n286,width,10,4,0.362751911,0.400063857,0,0.173367246,0.001516369,1,171
n287,interact,10,4,0.362751911,0.400063857,0,0.173367246,0.001516369,1,171
n288,network,10,4,0.362751911,0.400063857,0,0.173367246,0.001516369,1,171
n289,show,10,4,0.362751911,0.400063857,0,0.173367246,0.001516369,1,171
n290,platform,10,4,0.343647136,0.379948914,0,0.148523887,0.001539142,1,171
n291,solution,10,4,0.343647136,0.379948914,0,0.148523887,0.001539142,1,171
n292,micro,10,4,0.343647136,0.379948914,0,0.148523887,0.001539142,1,171
n293,cloud,10,4,0.402157165,0.448754789,0.008951773,0.296682176,0.002814159,0.496443812,349
n294,connectivity,6,4,0.393665158,0.438537676,0.003104459,0.263303807,0.002717613,0.546031746,344
n295,rapid,10,4,0.343647136,0.379948914,0,0.148523887,0.001539142,1,171
n296,bluemix,10,4,0.343647136,0.379948914,0,0.148523887,0.001539142,1,171
n297,ibm,10,4,0.343647136,0.379948914,0,0.148523887,0.001539142,1,171
n298,usb,10,4,0.343647136,0.379948914,0,0.148523887,0.001539142,1,171
n299,cable,10,4,0.343647136,0.379948914,0,0.148523887,0.001539142,1,171
n300,monitor,10,4,0.343647136,0.379948914,0,0.148523887,0.001539142,1,171
n301,sensehat,10,4,0.343647136,0.379948914,0,0.148523887,0.001539142,1,171
n302,required,10,4,0.343647136,0.379948914,0,0.148523887,0.001539142,1,171
n303,resources,10,4,0.343647136,0.379948914,0,0.148523887,0.001539142,1,171
n304,android,6,4,0.380466472,0.412994891,0,0.152469945,0.001576436,1,171
n305,dragonboard,6,4,0.380466472,0.412994891,0,0.152469945,0.001576436,1,171
n306,game,6,4,0.425081433,0.468550447,0.01327114,0.316277662,0.00280299,0.493598862,347
n307,ndk,6,4,0.380466472,0.412994891,0,0.152469945,0.001576436,1,171
n308,board,6,4,0.380466472,0.412994891,0,0.152469945,0.001576436,1,171
n309,lesson,6,4,0.380466472,0.412994891,0,0.152469945,0.001576436,1,171
n310,java,6,4,0.380466472,0.412994891,0,0.152469945,0.001576436,1,171
n311,studio,6,4,0.380466472,0.412994891,0,0.152469945,0.001576436,1,171
n312,walk,6,4,0.380466472,0.412994891,0,0.152469945,0.001576436,1,171
n313,application,6,4,0.380466472,0.412994891,0,0.152469945,0.001576436,1,171
n314,operating,6,4,0.380466472,0.412994891,0,0.152469945,0.001576436,1,171
n315,app,6,4,0.380466472,0.412994891,0,0.152469945,0.001576436,1,171
n316,native,6,4,0.380466472,0.412994891,0,0.152469945,0.001576436,1,171
n317,give,6,4,0.380466472,0.412994891,0,0.152469945,0.001576436,1,171
n318,feel,6,4,0.380466472,0.412994891,0,0.152469945,0.001576436,1,171
n319,acquired,3,3,0.386666667,0.414431673,0,0.148023594,0.00154323,1,171
n320,billion,3,3,0.386666667,0.414431673,0,0.148023594,0.00154323,1,171
n321,facial,3,3,0.386666667,0.414431673,0,0.148023594,0.00154323,1,171
n322,generated,3,3,0.386666667,0.414431673,0,0.148023594,0.00154323,1,171
n323,predicted,3,3,0.386666667,0.414431673,0,0.148023594,0.00154323,1,171
n324,connected,3,3,0.386666667,0.414431673,0,0.148023594,0.00154323,1,171
n325,decisions,3,3,0.386666667,0.414431673,0,0.148023594,0.00154323,1,171
n326,event,3,3,0.386666667,0.414431673,0,0.148023594,0.00154323,1,171
n327,analyzing,3,3,0.386666667,0.414431673,0,0.148023594,0.00154323,1,171
n328,major,7,3,0.448839209,0.498403576,0.066251059,0.370443075,0.004239133,0.326441103,521
n329,recognition,3,3,0.386666667,0.414431673,0,0.148023594,0.00154323,1,171
n330,data,3,3,0.427168576,0.46743295,0.011824989,0.311934428,0.002769784,0.502133713,353
n331,final,3,3,0.386666667,0.414431673,0,0.148023594,0.00154323,1,171
n332,rapidly,3,3,0.386666667,0.414431673,0,0.148023594,0.00154323,1,171
n333,quadrotors,4,5,0.320441989,0.354501916,0,0.079152827,0.001714177,1,171
n334,quadrotor,4,5,0.320441989,0.354501916,0,0.079152827,0.001714177,1,171
n335,assignment,4,5,0.320441989,0.354501916,0,0.079152827,0.001714177,1,171
n336,aerial,4,5,0.320441989,0.354501916,0,0.079152827,0.001714177,1,171
n337,controllers,4,5,0.320441989,0.354501916,0,0.079152827,0.001714177,1,171
n338,dimensional,4,5,0.320441989,0.354501916,0,0.079152827,0.001714177,1,171
n339,dynamic,4,5,0.320441989,0.354501916,0,0.079152827,0.001714177,1,171
n340,material,4,5,0.320441989,0.354501916,0,0.079152827,0.001714177,1,171
n341,matlab,4,5,0.320441989,0.354501916,0,0.079152827,0.001714177,1,171
n342,mechanics,4,4,0.342519685,0.389846743,0.00641605,0.141161746,0.003081779,0.513513514,342
n343,motion,4,5,0.320441989,0.354501916,0,0.079152827,0.001714177,1,171
n344,agile,4,5,0.320441989,0.354501916,0,0.079152827,0.001714177,1,171
n345,autonomously,4,5,0.320441989,0.354501916,0,0.079152827,0.001714177,1,171
n346,operate,4,5,0.320441989,0.354501916,0,0.079152827,0.001714177,1,171
n347,strongly,4,5,0.320441989,0.354501916,0,0.079152827,0.001714177,1,171
n348,threee,4,5,0.320441989,0.354501916,0,0.079152827,0.001714177,1,171
n349,vehicles,4,5,0.320441989,0.354501916,0,0.079152827,0.001714177,1,171
n350,control,4,4,0.389552239,0.446360153,0.049584396,0.221714188,0.004500409,0.333766234,514
n351,mobility,7,5,0.313513514,0.344220945,0,0.06023624,0.001790334,1,171
n352,composition,7,5,0.313513514,0.344220945,0,0.06023624,0.001790334,1,171
n353,legged,7,5,0.313513514,0.344220945,0,0.06023624,0.001790334,1,171
n354,bibliography,7,5,0.313513514,0.344220945,0,0.06023624,0.001790334,1,171
n355,bodies,7,5,0.313513514,0.344220945,0,0.06023624,0.001790334,1,171
n356,dynamical,7,5,0.313513514,0.344220945,0,0.06023624,0.001790334,1,171
n357,link,7,5,0.313513514,0.344220945,0,0.06023624,0.001790334,1,171
n358,pqyoc,7,5,0.313513514,0.344220945,0,0.06023624,0.001790334,1,171
n359,physical,7,4,0.373390558,0.417305236,0.024787962,0.14352971,0.00321122,0.486486486,342
n360,https,7,5,0.313513514,0.344220945,0,0.06023624,0.001790334,1,171
n361,org,7,5,0.313513514,0.344220945,0,0.06023624,0.001790334,1,171
n362,www,7,5,0.313513514,0.344220945,0,0.06023624,0.001790334,1,171
n363,animal,7,5,0.313513514,0.344220945,0,0.06023624,0.001790334,1,171
n364,animals,7,5,0.313513514,0.344220945,0,0.06023624,0.001790334,1,171
n365,limbed,7,5,0.313513514,0.344220945,0,0.06023624,0.001790334,1,171
n366,limbs,7,5,0.313513514,0.344220945,0,0.06023624,0.001790334,1,171
n367,put,7,5,0.313513514,0.344220945,0,0.06023624,0.001790334,1,171
n368,runners,7,5,0.313513514,0.344220945,0,0.06023624,0.001790334,1,171
n369,templates,7,5,0.313513514,0.344220945,0,0.06023624,0.001790334,1,171
n370,cognitive,9,4,0.353898305,0.38362069,0,0.091624975,0.001653991,1,171
n371,neuroscience,9,4,0.353898305,0.38362069,0,0.091624975,0.001653991,1,171
n372,approach,9,4,0.409090909,0.453224777,0.01932005,0.256883349,0.002880545,0.490753912,345
n373,human,9,4,0.353898305,0.38362069,0,0.091624975,0.001653991,1,171
n374,brain,9,4,0.353898305,0.38362069,0,0.091624975,0.001653991,1,171
n375,analytic,9,4,0.353898305,0.38362069,0,0.091624975,0.001653991,1,171
n376,artificial,9,4,0.353898305,0.38362069,0,0.091624975,0.001653991,1,171
n377,basis,9,4,0.353898305,0.38362069,0,0.091624975,0.001653991,1,171
n378,disciplines,9,4,0.353898305,0.38362069,0,0.091624975,0.001653991,1,171
n379,synthetic,9,4,0.353898305,0.38362069,0,0.091624975,0.001653991,1,171
n380,interdisciplinary,9,4,0.353898305,0.38362069,0,0.091624975,0.001653991,1,171
n381,robotics,9,4,0.366830639,0.412356322,0.014748417,0.161385338,0.003090574,0.487908962,343
n382,engineering,9,4,0.353898305,0.38362069,0,0.091624975,0.001653991,1,171
n383,higher,9,4,0.426470588,0.469827586,0.022170435,0.310115345,0.002856365,0.490753912,345
n384,students,9,4,0.405594406,0.461845466,0.036586561,0.261745319,0.004492946,0.323934837,517
n385,analytically,9,4,0.353898305,0.38362069,0,0.091624975,0.001653991,1,171
n386,biological,9,4,0.353898305,0.38362069,0,0.091624975,0.001653991,1,171
n387,collaborate,9,4,0.353898305,0.38362069,0,0.091624975,0.001653991,1,171
n388,develops,9,4,0.353898305,0.38362069,0,0.091624975,0.001653991,1,171
n389,robot,4,4,0.32103321,0.353767561,0,0.075439243,0.001711108,1,171
n390,chains,4,4,0.32103321,0.353767561,0,0.075439243,0.001711108,1,171
n391,reliable,4,4,0.32103321,0.353767561,0,0.075439243,0.001711108,1,171
n392,closed,4,4,0.32103321,0.353767561,0,0.075439243,0.001711108,1,171
n393,discipline,4,4,0.32103321,0.353767561,0,0.075439243,0.001711108,1,171
n394,grasp,4,4,0.32103321,0.353767561,0,0.075439243,0.001711108,1,171
n395,intuition,4,4,0.32103321,0.353767561,0,0.075439243,0.001711108,1,171
n396,practitioner,4,4,0.32103321,0.353767561,0,0.075439243,0.001711108,1,171
n397,recognizes,4,4,0.32103321,0.353767561,0,0.075439243,0.001711108,1,171
n398,remain,4,4,0.32103321,0.353767561,0,0.075439243,0.001711108,1,171
n399,researcher,4,4,0.32103321,0.353767561,0,0.075439243,0.001711108,1,171
n400,rigid,4,4,0.32103321,0.353767561,0,0.075439243,0.001711108,1,171
n401,shortly,4,4,0.32103321,0.353767561,0,0.075439243,0.001711108,1,171
n402,technological,4,4,0.32103321,0.353767561,0,0.075439243,0.001711108,1,171
n403,underlie,4,4,0.32103321,0.353767561,0,0.075439243,0.001711108,1,171
n404,unified,4,4,0.32103321,0.353767561,0,0.075439243,0.001711108,1,171
n405,systems,7,4,0.348,0.382822478,0,0.088540265,0.001695411,1,171
n406,communications,7,4,0.348,0.382822478,0,0.088540265,0.001695411,1,171
n407,eecs,7,4,0.348,0.382822478,0,0.088540265,0.001695411,1,171
n408,adaptation,7,4,0.348,0.382822478,0,0.088540265,0.001695411,1,171
n409,aircraft,7,4,0.348,0.382822478,0,0.088540265,0.001695411,1,171
n410,assisted,7,4,0.348,0.382822478,0,0.088540265,0.001695411,1,171
n411,automatic,7,4,0.348,0.382822478,0,0.088540265,0.001695411,1,171
n412,automotive,7,4,0.348,0.382822478,0,0.088540265,0.001695411,1,171
n413,berkeley,7,4,0.348,0.382822478,0,0.088540265,0.001695411,1,171
n414,concurrent,7,4,0.348,0.382822478,0,0.088540265,0.001695411,1,171
n415,confidence,7,4,0.348,0.382822478,0,0.088540265,0.001695411,1,171
n416,conservation,7,4,0.348,0.382822478,0,0.088540265,0.001695411,1,171
n417,consumer,7,4,0.348,0.382822478,0,0.088540265,0.001695411,1,171
n418,covering,7,4,0.348,0.382822478,0,0.088540265,0.001695411,1,171
n419,critical,7,4,0.348,0.382822478,0,0.088540265,0.001695411,1,171
n420,cyber,7,4,0.348,0.382822478,0,0.088540265,0.001695411,1,171
n421,big_data,2,3,0.490140845,0.55587484,0.094716251,0.717924965,0.006866683,0.211655796,1006
n422,clicking,8,4,0.386094675,0.434546616,0.002274347,0.28268436,0.002492674,0.602495544,338
n423,hadoop,2,3,0.47027027,0.53192848,0.040453647,0.666274602,0.005683802,0.24919189,848
n424,mapreduce,2,4,0.403088803,0.44747765,0.003532045,0.321832983,0.002541643,0.569747899,339
n425,requirements,8,4,0.386094675,0.434546616,0.002274347,0.28268436,0.002492674,0.602495544,338
n426,programming,8,4,0.351515152,0.385217114,0,0.165645411,0.001514489,1,171
n427,increasing,8,4,0.351515152,0.385217114,0,0.165645411,0.001514489,1,171
n428,questions,8,4,0.351515152,0.385217114,0,0.165645411,0.001514489,1,171
n429,mac,8,4,0.386094675,0.434546616,0.002274347,0.28268436,0.002492674,0.602495544,338
n430,problems,8,4,0.351515152,0.385217114,0,0.165645411,0.001514489,1,171
n431,big,8,4,0.351515152,0.385217114,0,0.165645411,0.001514489,1,171
n432,frameworks,2,4,0.403088803,0.44747765,0.003532045,0.321832983,0.002541643,0.569747899,339
n433,landscape,8,4,0.351515152,0.385217114,0,0.165645411,0.001514489,1,171
n434,love,8,4,0.351515152,0.385217114,0,0.165645411,0.001514489,1,171
n435,ram,8,4,0.386094675,0.434546616,0.002274347,0.28268436,0.002492674,0.602495544,338
n436,step,8,4,0.351515152,0.385217114,0,0.165645411,0.001514489,1,171
n437,including,8,4,0.351515152,0.385217114,0,0.165645411,0.001514489,1,171
n438,core,8,4,0.351515152,0.385217114,0,0.165645411,0.001514489,1,171
n439,open,8,4,0.351515152,0.385217114,0,0.165645411,0.001514489,1,171
n440,modeling,8,4,0.373657838,0.410600255,0,0.173248467,0.00150108,1,171
n441,management,8,4,0.378809869,0.428799489,0.070281878,0.219661281,0.003055174,0.486486486,342
n442,lessons,8,4,0.373657838,0.410600255,0,0.173248467,0.00150108,1,171
n443,streaming,8,4,0.373657838,0.410600255,0,0.173248467,0.00150108,1,171
n444,working,8,4,0.373657838,0.410600255,0,0.173248467,0.00150108,1,171
n445,managing,8,4,0.373657838,0.410600255,0,0.173248467,0.00150108,1,171
n446,operations,8,4,0.373657838,0.410600255,0,0.173248467,0.00150108,1,171
n447,types,8,4,0.373657838,0.410600255,0,0.173248467,0.00150108,1,171
n448,city,9,4,0.360248447,0.391283525,0,0.099479802,0.001692595,1,171
n449,cities,9,4,0.360248447,0.391283525,0,0.099479802,0.001692595,1,171
n450,continuing,9,4,0.360248447,0.391283525,0,0.099479802,0.001692595,1,171
n451,professional,9,4,0.360248447,0.391283525,0,0.099479802,0.001692595,1,171
n452,helps,9,4,0.360248447,0.391283525,0,0.099479802,0.001692595,1,171
n453,smart,9,4,0.360248447,0.391283525,0,0.099479802,0.001692595,1,171
n454,improve,9,4,0.360248447,0.391283525,0,0.099479802,0.001692595,1,171
n455,accessed,9,4,0.360248447,0.391283525,0,0.099479802,0.001692595,1,171
n456,certifications,9,4,0.360248447,0.391283525,0,0.099479802,0.001692595,1,171
n457,ceus,9,4,0.360248447,0.391283525,0,0.099479802,0.001692595,1,171
n458,changed,9,4,0.360248447,0.391283525,0,0.099479802,0.001692595,1,171
n459,hours,9,4,0.360248447,0.391283525,0,0.099479802,0.001692595,1,171
n460,ieee,9,4,0.360248447,0.391283525,0,0.099479802,0.001692595,1,171
n461,initiative,9,4,0.360248447,0.391283525,0,0.099479802,0.001692595,1,171
n462,innovative,9,4,0.360248447,0.391283525,0,0.099479802,0.001692595,1,171
n463,inventive,9,4,0.360248447,0.391283525,0,0.099479802,0.001692595,1,171
n464,nowadays,9,4,0.360248447,0.391283525,0,0.099479802,0.001692595,1,171
n465,hdfs,2,4,0.390134529,0.42353129,0,0.216972137,0.001482706,1,171
n466,june,2,4,0.413301663,0.452426564,9.59E-04,0.317685985,0.002260679,0.690322581,321
n467,original,2,4,0.413301663,0.452426564,9.59E-04,0.317685985,0.002260679,0.690322581,321
n468,stack,2,4,0.390134529,0.42353129,0,0.216972137,0.001482706,1,171
n469,version,2,4,0.413301663,0.452426564,9.59E-04,0.317685985,0.002260679,0.690322581,321
n470,detailed,2,4,0.390134529,0.42353129,0,0.216972137,0.001482706,1,171
n471,framework,2,4,0.390134529,0.42353129,0,0.216972137,0.001482706,1,171
n472,main,2,4,0.390134529,0.42353129,0,0.216972137,0.001482706,1,171
n473,execution,2,4,0.390134529,0.42353129,0,0.216972137,0.001482706,1,171
n474,file,2,4,0.390134529,0.42353129,0,0.216972137,0.001482706,1,171
n475,processes,2,4,0.390134529,0.42353129,0,0.216972137,0.001482706,1,171
n476,pig,2,4,0.3933685,0.430076628,0,0.227795497,0.001476899,1,171
n477,hive,2,4,0.3933685,0.430076628,0,0.227795497,0.001476899,1,171
n478,hbase,2,4,0.403400309,0.45210728,0.00544384,0.355909943,0.002633167,0.53003003,353
n479,sql,2,4,0.3933685,0.430076628,0,0.227795497,0.001476899,1,171
n480,querying,2,4,0.3933685,0.430076628,0,0.227795497,0.001476899,1,171
n481,splunk,2,4,0.3933685,0.430076628,0,0.227795497,0.001476899,1,171
n482,database,2,4,0.3933685,0.430076628,0,0.227795497,0.001476899,1,171
n483,canonical,2,4,0.3933685,0.430076628,0,0.227795497,0.001476899,1,171
n484,cleaning,2,4,0.3933685,0.430076628,0,0.227795497,0.001476899,1,171
n485,cdn,10,4,0.37853517,0.410759898,0,0.157117276,0.001549542,1,171
n486,delivery,10,4,0.37853517,0.410759898,0,0.157117276,0.001549542,1,171
n487,computing,10,4,0.37853517,0.410759898,0,0.157117276,0.001549542,1,171
n488,architecture,10,4,0.37853517,0.410759898,0,0.157117276,0.001549542,1,171
n489,clouds,10,4,0.37853517,0.410759898,0,0.157117276,0.001549542,1,171
n490,contents,10,4,0.37853517,0.410759898,0,0.157117276,0.001549542,1,171
n491,smartphones,10,4,0.37853517,0.410759898,0,0.157117276,0.001549542,1,171
n492,content,10,4,0.37853517,0.410759898,0,0.157117276,0.001549542,1,171
n493,amazon,10,4,0.37853517,0.410759898,0,0.157117276,0.001549542,1,171
n494,description,10,4,0.37853517,0.410759898,0,0.157117276,0.001549542,1,171
n495,lecture,10,4,0.37853517,0.410759898,0,0.157117276,0.001549542,1,171
n496,market,10,4,0.37853517,0.410759898,0,0.157117276,0.001549542,1,171
n497,knowledge,8,5,0.277511962,0.308748404,0,0.053470415,0.00182862,1,171
n498,social,8,5,0.277511962,0.308748404,0,0.053470415,0.00182862,1,171
n499,kmirc,8,5,0.277511962,0.308748404,0,0.053470415,0.00182862,1,171
n500,mined,8,5,0.277511962,0.308748404,0,0.053470415,0.00182862,1,171
n501,business,8,5,0.277511962,0.308748404,0,0.053470415,0.00182862,1,171
n502,era,8,5,0.277511962,0.308748404,0,0.053470415,0.00182862,1,171
n503,background,8,5,0.277511962,0.308748404,0,0.053470415,0.00182862,1,171
n504,created,8,5,0.277511962,0.308748404,0,0.053470415,0.00182862,1,171
n505,industry,8,5,0.277511962,0.308748404,0,0.053470415,0.00182862,1,171
n506,technical,8,5,0.277511962,0.308748404,0,0.053470415,0.00182862,1,171
n507,traditional,8,5,0.277511962,0.308748404,0,0.053470415,0.00182862,1,171
n508,added,8,5,0.277511962,0.308748404,0,0.053470415,0.00182862,1,171
n509,alliances,8,5,0.277511962,0.308748404,0,0.053470415,0.00182862,1,171
n510,center,8,5,0.277511962,0.308748404,0,0.053470415,0.00182862,1,171
n511,competencies,8,5,0.277511962,0.308748404,0,0.053470415,0.00182862,1,171
n512,defines,8,5,0.277511962,0.308748404,0,0.053470415,0.00182862,1,171
n513,effect,8,5,0.277511962,0.308748404,0,0.053470415,0.00182862,1,171
n514,elicited,8,5,0.277511962,0.308748404,0,0.053470415,0.00182862,1,171
n515,exploding,8,5,0.277511962,0.308748404,0,0.053470415,0.00182862,1,171
n516,batch,2,4,0.343421053,0.376117497,0,0.158300303,0.001489516,1,171
n517,builds,2,4,0.343421053,0.376117497,0,0.158300303,0.001489516,1,171
n518,dat,2,4,0.343421053,0.376117497,0,0.158300303,0.001489516,1,171
n519,explores,2,4,0.343421053,0.376117497,0,0.158300303,0.001489516,1,171
n520,latency,2,4,0.343421053,0.376117497,0,0.158300303,0.001489516,1,171
n521,storm,2,4,0.343421053,0.376117497,0,0.158300303,0.001489516,1,171
n522,low,2,4,0.343421053,0.376117497,0,0.158300303,0.001489516,1,171
